epoch,loss
1,0.2360478038609028
2,0.06131884576976299
3,0.06102626906633377
